Name,IPAddress,ColorPrinter,OIDBlack,OIDColor
"Name","IPAddress",true,"1.3.6.1.4.1.18334.1.1.1.5.7.2.2.1.5.1.1;1.3.6.1.4.1.18334.1.1.1.5.7.2.2.1.5.1.2;1.3.6.1.4.1.18334.1.1.1.5.7.2.3.1.12.1;1.3.6.1.4.1.18334.1.1.1.5.7.2.3.1.7.1","1.3.6.1.4.1.18334.1.1.1.5.7.2.2.1.5.2.2;1.3.6.1.4.1.18334.1.1.1.5.7.2.2.1.5.2.1;1.3.6.1.4.1.18334.1.1.1.5.7.2.2.1.5.4.1;1.3.6.1.4.1.18334.1.1.1.5.7.2.3.1.7.1"
